{
  "59:32:3250001:9050": [
    57.90238,
    55.894324
  ],
  "59:32:3290001:3232": [
    57.993793,
    55.740427
  ],
  "59:18:3500203:1021": [
    58.327223,
    56.433523
  ],
  "59:18:0020806:39": [
    58.275348,
    56.405253
  ],
  "59:32:3030011:129": [
    58.157738,
    56.288117
  ],
  "59:07:0010102:46": [
    58.075966,
    55.661136
  ],
  "59:01:4410946:5230": [
    57.973764,
    56.23468
  ],
  "59:01:4410946:5224": [
    57.973764,
    56.23468
  ],
  "39:05:030402:540": [
    54.828605,
    20.013777
  ],
  "59:32:3020003:815": [
    58.203647,
    56.288362
  ],
  "39:05:011009:618": [
    54.922111,
    20.504138
  ],
  "39:05:011009:319": [
    54.925787,
    20.503594
  ],
  "39:15:120603:135": [
    54.759164,
    20.430456
  ],
  "39:14:010234:11": [
    54.673876,
    19.927363
  ],
  "39:14:010234:9": [
    54.674081,
    19.927577
  ],
  "39:14:010234:8": [
    54.67439,
    19.927814
  ],
  "39:14:010234:10": [
    54.674251,
    19.927752
  ],
  "39:17:010048:10": [
    54.927011,
    20.147082
  ],
  "59:18:0010402:2074": [
    58.44784,
    56.41115
  ],
  "59:32:3020003:3939": [
    58.236728,
    56.304719
  ],
  "59:32:0430001:763": [
    57.910074,
    56.199627
  ],
  "59:18:3630101:3735": [
    58.173094,
    56.361232
  ],
  "59:07:0011102:511": [
    58.093065,
    55.797177
  ],
  "59:32:4070004:4329": [
    57.864472,
    55.85937
  ],
  "59:01:2512475:175": [
    58.147746,
    56.311243
  ],
  "59:07:0020115:159": [
    58.090448,
    55.859194
  ],
  "59:32:3290001:13244": [
    57.980257,
    55.721386
  ],
  "59:32:1910001:36": [
    57.987351,
    56.793061
  ],
  "39:05:050405:76": [
    54.930517,
    20.52769
  ],
  "59:01:1713044:1698": [
    58.00668,
    55.964865
  ],
  "59:01:1717072:127": [
    58.042699,
    56.04906
  ],
  "59:32:3250001:9044": [
    57.902451,
    55.894886
  ],
  "59:32:3250001:9039": [
    57.902179,
    55.89504
  ],
  "59:01:1810045:21": [
    58.05026,
    56.014717
  ],
  "59:32:3250001:21548": [
    57.920019,
    55.880668
  ],
  "59:32:3020003:4332": [
    58.235984,
    56.30581
  ],
  "59:01:1713430:161": [
    58.053302,
    56.044438
  ],
  "59:32:3020003:4504": [
    58.236009,
    56.307535
  ]
}