{
  "59:32:3250001:9050": [
    57.90238,
    55.894324
  ],
  "59:32:3290001:3232": [
    57.993793,
    55.740427
  ],
  "59:18:3500203:1021": [
    58.327223,
    56.433523
  ],
  "59:18:0020806:39": [
    58.275348,
    56.405253
  ],
  "59:32:3030011:129": [
    58.157738,
    56.288117
  ],
  "59:07:0010102:46": [
    58.075966,
    55.661136
  ],
  "59:01:4410946:5230": [
    57.973764,
    56.23468
  ],
  "59:01:4410946:5224": [
    57.973764,
    56.23468
  ],
  "39:05:030402:540": [
    54.828605,
    20.013777
  ],
  "59:32:3020003:815": [
    58.203647,
    56.288362
  ],
  "39:05:011009:618": [
    54.922111,
    20.504138
  ],
  "39:05:011009:319": [
    54.925787,
    20.503594
  ],
  "39:15:120603:135": [
    54.759164,
    20.430456
  ],
  "39:14:010234:11": [
    54.673876,
    19.927363
  ],
  "39:14:010234:9": [
    54.674081,
    19.927577
  ],
  "39:14:010234:8": [
    54.67439,
    19.927814
  ],
  "39:14:010234:10": [
    54.674251,
    19.927752
  ],
  "39:17:010048:10": [
    54.927011,
    20.147082
  ],
  "59:18:0010402:2074": [
    58.44784,
    56.41115
  ],
  "59:32:3020003:3939": [
    58.236728,
    56.304719
  ],
  "59:32:0430001:763": [
    57.910074,
    56.199627
  ],
  "59:18:3630101:3735": [
    58.173094,
    56.361232
  ],
  "59:07:0011102:511": [
    58.093065,
    55.797177
  ],
  "59:32:4070004:4329": [
    57.864472,
    55.85937
  ],
  "59:01:2512475:175": [
    58.147746,
    56.311243
  ],
  "59:07:0020115:159": [
    58.090448,
    55.859194
  ],
  "59:32:3290001:13244": [
    57.980257,
    55.721386
  ],
  "59:32:1910001:36": [
    57.987351,
    56.793061
  ],
  "39:05:050405:76": [
    54.930517,
    20.52769
  ],
  "59:01:1713044:1698": [
    58.00668,
    55.964865
  ],
  "59:01:1717072:127": [
    58.042699,
    56.04906
  ],
  "59:32:3250001:9044": [
    57.902451,
    55.894886
  ],
  "59:32:3250001:9039": [
    57.902179,
    55.89504
  ],
  "59:01:1810045:21": [
    58.05026,
    56.014717
  ],
  "59:32:3250001:21548": [
    57.920019,
    55.880668
  ],
  "59:32:3020003:4332": [
    58.235984,
    56.30581
  ],
  "59:01:1713430:161": [
    58.053302,
    56.044438
  ],
  "59:32:3020003:4504": [
    58.236009,
    56.307535
  ],
  "59:01:4410946:5227": [
    57.9737274,
    56.2345726
  ],
  "59:01:4410946:5217": [
    57.9737274,
    56.2345726
  ],
  "59:26:0610475:236": [
    57.9418929,
    55.3254232
  ],
  "59:32:4310001:114": [
    57.6787299,
    55.5286021
  ],
  "59:32:1960001:96": [
    58.02264,
    55.79953
  ],
  "39:03:060011:312": [
    54.7142557,
    20.6304963
  ],
  "59:21:0090001:3947": [
    58.18119,
    54.9813
  ],
  "59:32:3620001:227": [
    58.01262,
    56.74082
  ],
  "39:05:011009:625": [
    54.92209,
    20.50466
  ],
  "59:24:2640101:4166": [
    57.43677,
    57.02038
  ],
  "59:01:4410763:584": [
    57.97338,
    56.18861
  ],
  "59:01:4410763:591": [
    57.97338,
    56.18861
  ],
  "addr:Чебоксары, Смирнова, 17": [
    56.134009,
    47.25681
  ],
  "addr:Пермский край, Пермь, Ветлужская, 62": [
    58.0443001,
    56.0854
  ],
  "addr:Москва, Прокшино": [
    55.57637,
    37.43649
  ],
  "addr:Калининград, Краснодонская, 4": [
    54.7243411,
    20.552499
  ],
  "addr:Пермский край, Пермь, Ласьвинская 76а-35": [
    58.0119524,
    55.9272807
  ],
  "addr:Пермский край, Пермь, ул. Водников, д.83, кв.8": [
    58.028311,
    56.027574
  ],
  "addr:Пермский край, Пермь, Лодыгина, 32": [
    57.966291,
    56.22514
  ],
  "addr:Пермский край, г. Пермь, ул. Промышленная, 87": [
    57.946396,
    56.135813
  ],
  "addr:Пермский край, Пермь, Зеленая 118": [
    58.1452424,
    56.4768866
  ],
  "addr:Санкт-Петербург, ул. Купчинская, 24": [
    59.832261,
    30.393934
  ],
  "addr:Пермский край, Пермь, ул. Карпинского, 110": [
    57.969804,
    56.203707
  ],
  "addr:Пермский край, Пермь, пер. Сальский, 11": [
    57.9761282,
    56.1959755
  ],
  "addr:Самарская область, п. Выселки": [
    53.7521768,
    52.2278488
  ],
  "addr:Пермский край, , Пермь, ул. Скалистая": [
    58.0073909,
    56.3676093
  ],
  "addr:, Самара, ул. Советской Армии, 240б": [
    53.238706,
    50.179245
  ],
  "addr:Пермский край, п. Красный Восход": [
    57.9935313,
    55.712637
  ],
  "addr:Пермский край, Пермь, ул. Солдатова, 32": [
    57.973731,
    56.234697
  ],
  "addr:, Пермский край, д. Загришинское": [
    58.2348071,
    56.3036615
  ],
  "addr:Самарская обл., пгт. Новосемейкино": [
    53.3754184,
    50.3474344
  ],
  "addr:Самара, ул. Ленинградская, 77": [
    53.18474,
    50.1015291
  ],
  "addr:Самарская обл., СНТ \"Старая Бинарадка\"": [
    53.5595506,
    49.9329819
  ],
  "addr:Пермский край, дер. Городище": [
    58.170188,
    56.3567
  ],
  "addr:Самара, ул. Братьев Коростелевых, д.79а": [
    53.1891795,
    50.1105545
  ],
  "addr:Калининградская обл., п. Коврово": [
    54.9130314,
    20.4004276
  ],
  "59:01:1713129:250": [
    58.02839,
    56.027447
  ],
  "59:18:3630207:42": [
    58.183711,
    56.419682
  ],
  "59:32:3290001:3223": [
    57.992273,
    55.734877
  ],
  "59:01:0910221:289": [
    58.096681,
    56.420043
  ],
  "63:22:1602010:1023": [
    53.250326,
    50.535207
  ],
  "59:07:0010102:48": [
    58.076001,
    55.661467
  ],
  "59:18:3630101:4235": [
    58.175471,
    56.360233
  ],
  "63:32:0104002:460": [
    53.79872,
    49.080879
  ],
  "59:32:3290001:13597": [
    57.967579,
    55.730206
  ],
  "59:32:3020003:1145": [
    58.240024,
    56.30001
  ],
  "59:32:3250001:19596": [
    57.912257,
    55.881606
  ],
  "63:09:0301136:1988": [
    53.535577,
    49.409466
  ],
  "63:22:1503010:2447": [
    53.257686,
    50.701116
  ],
  "63:01:0513004:1237": [
    53.191977,
    50.113662
  ],
  "63:10:0105021:1125": [
    52.981412,
    49.67968
  ],
  "47:23:1803003:48": [
    59.57603,
    30.373241
  ],
  "59:01:4410946:5231": [
    57.973764,
    56.23468
  ],
  "63:26:2204004:593": [
    53.386656,
    50.347432
  ],
  "59:32:0660001:3492": [
    57.805616,
    56.305902
  ],
  "39:05:050102:628": [
    54.920179,
    20.405011
  ],
  "78:13:0007438:3113": [
    59.832994,
    30.394285
  ],
  "59:32:3250001:19597": [
    57.912206,
    55.881929
  ],
  "59:01:4410696:1": [
    57.975384,
    56.190983
  ]
}